Num_Orders,Penalty_Lost,Mechanism,Fleet_Scale,Solver,Replications,Optimal_Rate,Mean_Total_Cost,SD_Total_Cost,Max_Total_Cost,Mean_Unserved_Rate,SD_Unserved_Rate,Max_Unserved_Rate,Mean_Solve_Time_Sec,SD_Solve_Time_Sec,Max_Solve_Time_Sec,Mean_MIP_Gap,SD_MIP_Gap,Max_MIP_Gap,Mean_Direct_Ratio,SD_Direct_Ratio,Max_Direct_Ratio,Mean_Manual_Usage,SD_Manual_Usage,Max_Manual_Usage,Mean_Auto_Usage,SD_Auto_Usage,Max_Auto_Usage
100,1.0,direct_only,0.75,flexible_direct_mip,3,1.0,1071.3435342295,51.04497017422984,1130.0,0.22203333333333333,0.1684033649703394,0.4053,1.4533333333333331,0.03214550253664321,1.49,0.0,0.0,0.0,1.0,0.0,1.0,3.0,1.0,4.0,0.0,0.0,0.0
100,1.0,direct_only,1.0,flexible_direct_mip,3,1.0,1071.3435342295,51.04497017422984,1130.0,0.22203333333333333,0.1684033649703394,0.4053,1.51,0.1777638883463117,1.71,0.0,0.0,0.0,1.0,0.0,1.0,3.0,1.0,4.0,0.0,0.0,0.0
100,1.0,direct_only,1.25,flexible_direct_mip,3,1.0,1071.3435342295,51.04497017422984,1130.0,0.22203333333333333,0.1684033649703394,0.4053,1.4233333333333331,0.023094010767585053,1.45,0.0,0.0,0.0,1.0,0.0,1.0,3.0,1.0,4.0,0.0,0.0,0.0
100,1.0,flexible,0.75,flexible_direct_mip,3,1.0,929.6663911692,68.52939284039192,996.9991735076,0.22563333333333332,0.10994500140221625,0.3072,2.6199999999999997,0.8054191455385201,3.55,0.0,0.0,0.0,7.917791826666667e-20,1.3714017727540255e-19,2.375337548e-19,6.666666718799999,1.1547004932304632,8.0,3.3333317102,0.5773516748694598,4.0
100,1.0,flexible,1.0,flexible_direct_mip,3,1.0,929.6666666666666,68.5297988712453,997.0,0.22563333333333332,0.10994500140221625,0.3072,2.7266666666666666,0.8271235296697426,3.68,0.0,0.0,0.0,1.2900194913333333e-18,2.234379301743492e-18,3.870058474e-18,6.666666666666667,1.1547005383792515,8.0,3.3333333333333335,0.5773502691896257,4.0
100,1.0,flexible,1.0,paper_candidate_mip,3,1.0,1124.6666666666667,116.09191760554795,1258.0,0.25343333333333334,0.14003689989903853,0.4121,0.9033333333333333,0.2311565126344774,1.17,0.0,0.0,0.0,1.0,0.0,1.0,3.0,1.0,4.0,0.0,0.0,0.0
100,1.0,flexible,1.25,flexible_direct_mip,3,1.0,929.6666666666666,68.5297988712453,997.0,0.22563333333333332,0.10994500140221625,0.3072,2.69,0.9396275858019495,3.77,0.0,0.0,0.0,1.2900194913333333e-18,2.234379301743492e-18,3.870058474e-18,6.666666666666667,1.1547005383792515,8.0,3.3333333333333335,0.5773502691896257,4.0
100,1.0,transshipment_only,0.75,flexible_direct_mip,3,1.0,929.6666666666666,68.5297988712453,997.0,0.22563333333333332,0.10994500140221625,0.3072,2.0933333333333333,0.2746512940681935,2.4,0.0,0.0,0.0,0.0,0.0,0.0,6.666666666666667,1.1547005383792515,8.0,3.3333333333333335,0.5773502691896257,4.0
100,1.0,transshipment_only,1.0,flexible_direct_mip,3,1.0,929.6666666666666,68.5297988712453,997.0,0.22563333333333332,0.10994500140221625,0.3072,2.103333333333333,0.17502380790433428,2.28,0.0,0.0,0.0,0.0,0.0,0.0,6.666666666666667,1.1547005383792515,8.0,3.3333333333333335,0.5773502691896257,4.0
100,1.0,transshipment_only,1.25,flexible_direct_mip,3,1.0,929.6666666666666,68.5297988712453,997.0,0.22563333333333332,0.10994500140221625,0.3072,2.013333333333333,0.24110855093366843,2.24,0.0,0.0,0.0,0.0,0.0,0.0,6.666666666666667,1.1547005383792515,8.0,3.3333333333333335,0.5773502691896257,4.0
100,10.0,flexible,1.0,flexible_direct_mip,3,1.0,1691.6666666666667,87.79711460710615,1775.0,0.004,0.003477067730142742,0.0063,4.39,0.7582216034906947,4.91,0.0,0.0,0.0,0.8314222725666666,0.07397498552875538,0.880733945,8.666666666666666,0.5773502691896257,9.0,1.6666666666666667,0.5773502691896257,2.0
100,10.0,flexible,1.0,paper_candidate_mip,3,1.0,2333.3333333333335,144.33756729740645,2500.0,0.0,0.0,0.0,0.8133333333333334,0.020816659994661285,0.83,0.0,0.0,0.0,1.0,0.0,1.0,9.333333333333334,0.5773502691896257,10.0,0.0,0.0,0.0
100,10.0,flexible,1.0,paper_priority_heuristic,3,1.0,2416.6666666666665,144.33756729740645,2500.0,0.0,0.0,0.0,0.98,0.02645751311064593,1.0,0.0,0.0,0.0,1.0,0.0,1.0,9.666666666666666,0.5773502691896257,10.0,0.0,0.0,0.0
100,15.0,flexible,1.0,flexible_direct_mip,3,1.0,1708.3333333333333,94.64847243000456,1775.0,0.0021,0.003637306695894642,0.0063,3.8166666666666664,0.4705670338361298,4.3,0.0,0.0,0.0,0.7980805846333333,0.1426463052822936,0.9275471698,9.666666666666666,1.1547005383792515,11.0,2.3333333333333335,0.5773502691896257,3.0
100,15.0,flexible,1.0,paper_candidate_mip,3,1.0,2416.6666666666665,144.33756729740645,2500.0,0.0,0.0,0.0,0.81,0.019999999999999962,0.83,0.0,0.0,0.0,1.0,0.0,1.0,9.666666666666666,0.5773502691896257,10.0,0.0,0.0,0.0
100,15.0,flexible,1.0,paper_priority_heuristic,3,1.0,2416.6666666666665,144.33756729740645,2500.0,0.0,0.0,0.0,0.9666666666666667,0.011547005383792526,0.98,0.0,0.0,0.0,1.0,0.0,1.0,9.666666666666666,0.5773502691896257,10.0,0.0,0.0,0.0
100,2.0,flexible,1.0,flexible_direct_mip,3,1.0,1132.3333333333333,99.63098580930199,1210.0,0.11703333333333332,0.026750015576319456,0.1479,3.39,0.6655073252789935,3.91,0.0,0.0,0.0,0.28652306506666664,0.32629756134691823,0.6416772554,7.0,1.0,8.0,3.0,1.0,4.0
100,2.0,flexible,1.0,paper_candidate_mip,3,1.0,1793.3333333333333,177.857620959388,1950.0,0.041133333333333334,0.020269270666043542,0.0629,0.7833333333333333,0.025166114784235853,0.81,0.0,0.0,0.0,1.0,0.0,1.0,6.666666666666667,0.5773502691896257,7.0,0.0,0.0,0.0
100,20.0,flexible,1.0,flexible_direct_mip,3,1.0,1716.6666666666667,101.03629710818451,1775.0,0.0,0.0,0.0,3.996666666666666,0.5291817583149794,4.56,0.0,0.0,0.0,0.6645239216333333,0.18618760386101338,0.8215332938,10.333333333333334,1.1547005383792515,11.0,2.6666666666666665,0.5773502691896257,3.0
100,20.0,flexible,1.0,paper_candidate_mip,3,1.0,2416.6666666666665,144.33756729740645,2500.0,0.0,0.0,0.0,0.8033333333333333,0.025166114784235794,0.83,0.0,0.0,0.0,1.0,0.0,1.0,9.666666666666666,0.5773502691896257,10.0,0.0,0.0,0.0
100,20.0,flexible,1.0,paper_priority_heuristic,3,1.0,2416.6666666666665,144.33756729740645,2500.0,0.0,0.0,0.0,0.9733333333333333,0.011547005383792526,0.98,0.0,0.0,0.0,1.0,0.0,1.0,9.666666666666666,0.5773502691896257,10.0,0.0,0.0,0.0
100,3.0,flexible,1.0,flexible_direct_mip,3,1.0,1285.0,106.88779163215975,1370.0,0.06696666666666666,0.015221476056326906,0.0817,3.8733333333333335,0.7550055187436269,4.63,0.0,0.0,0.0,0.3359184414333334,0.42675202436927706,0.8161057692,8.666666666666666,2.8867513459481287,12.0,3.6666666666666665,2.0816659994661326,6.0
100,3.0,flexible,1.0,paper_candidate_mip,3,1.0,2030.0,30.0,2060.0,0.006933333333333333,0.007625177593560253,0.0151,0.7566666666666667,0.037859388972001855,0.8,0.0,0.0,0.0,1.0,0.0,1.0,8.0,0.0,8.0,0.0,0.0,0.0
100,4.0,flexible,1.0,flexible_direct_mip,3,1.0,1385.0,83.51646544245033,1460.0,0.0569,0.022528204544525955,0.0817,3.98,0.6939740629158988,4.58,0.0,0.0,0.0,0.4595149880666667,0.33295969740857745,0.8238998782,8.0,1.7320508075688772,10.0,3.0,1.0,4.0
100,4.0,flexible,1.0,paper_candidate_mip,3,1.0,2096.6666666666665,134.28824718989125,2250.0,0.0019,0.003290896534380867,0.0057,0.77,0.034641016151377574,0.79,0.0,0.0,0.0,1.0,0.0,1.0,8.333333333333334,0.5773502691896257,9.0,0.0,0.0,0.0
100,5.0,flexible,1.0,flexible_direct_mip,3,1.0,1475.0,66.14378277661477,1550.0,0.046433333333333326,0.007579797710581288,0.0513,4.0,0.5474486277268397,4.63,0.0,0.0,0.0,0.533276317,0.2867438090087121,0.7920673077,8.333333333333334,1.5275252316519468,10.0,3.0,1.0,4.0
100,5.0,flexible,1.0,paper_candidate_mip,3,1.0,2166.6666666666665,144.33756729740645,2250.0,0.0,0.0,0.0,0.7966666666666667,0.035118845842842444,0.83,0.0,0.0,0.0,1.0,0.0,1.0,8.666666666666666,0.5773502691896257,9.0,0.0,0.0,0.0
100,5.0,flexible,1.0,paper_priority_heuristic,3,1.0,2166.6666666666665,144.33756729740645,2250.0,0.0,0.0,0.0,0.9533333333333333,0.030550504633038898,0.98,0.0,0.0,0.0,1.0,0.0,1.0,8.666666666666666,0.5773502691896257,9.0,0.0,0.0,0.0
200,1.0,flexible,1.0,flexible_direct_mip,1,1.0,1249.0306026885,,1249.0306026885,0.1712,,0.1712,7.74,,7.74,0.0,,0.0,0.2409484841,,0.2409484841,7.0,,7.0,3.0,,3.0
200,1.0,flexible,1.0,paper_candidate_mip,1,1.0,1837.0306026885,,1837.0306026885,0.0314,,0.0314,1.59,,1.59,0.0,,0.0,1.0,,1.0,7.0,,7.0,0.0,,0.0
200,1.0,flexible,1.0,paper_priority_heuristic,1,1.0,1837.0306026885,,1837.0306026885,0.0314,,0.0314,2.41,,2.41,0.0,,0.0,1.0,,1.0,7.0,,7.0,0.0,,0.0
500,1.0,flexible,0.75,flexible_direct_mip,1,1.0,2337.0,,2337.0,0.0272,,0.0272,129.19,,129.19,0.0,,0.0,0.0,,0.0,29.0,,29.0,10.0,,10.0
500,1.0,flexible,1.0,flexible_direct_mip,1,1.0,2337.0,,2337.0,0.0272,,0.0272,125.07,,125.07,0.0,,0.0,0.0,,0.0,28.0,,28.0,10.0,,10.0
500,1.0,flexible,1.0,paper_candidate_mip,1,1.0,5495.0,,5495.0,0.0297,,0.0297,4.64,,4.64,0.0,,0.0,1.0,,1.0,19.0,,19.0,0.0,,0.0
500,1.0,flexible,1.0,paper_priority_heuristic,1,1.0,5495.0,,5495.0,0.0297,,0.0297,10.92,,10.92,0.0,,0.0,1.0,,1.0,19.0,,19.0,0.0,,0.0
500,1.0,flexible,1.25,flexible_direct_mip,1,1.0,2337.0,,2337.0,0.0272,,0.0272,122.53,,122.53,0.0,,0.0,0.0,,0.0,29.0,,29.0,10.0,,10.0
